"DESCRIPTION","DURATION IN MS","NAME","PARENT SUITE","START TIME","STATUS","STOP TIME","SUB SUITE","SUITE","TEST CLASS","TEST METHOD"
"","453","login","firefox","2026-09-28","passed","2026-09-28","","login.spec.js","",""
"","515","get started link","chromium","2026-09-28","passed","2026-09-28","","example.spec.js","",""
"","1057","get started link","firefox","2026-09-28","passed","2026-09-28","","example.spec.js","",""
"","450","login","webkit","2026-09-28","passed","2026-09-28","","login.spec.js","",""
"","224","login","chromium","2026-09-28","passed","2026-09-28","","login.spec.js","",""
"","2686","get started link","webkit","2026-09-28","passed","2026-09-28","","example.spec.js","",""
"","371","has title","chromium","2026-09-28","passed","2026-09-28","","example.spec.js","",""
"","1486","has title","firefox","2026-09-28","passed","2026-09-28","","example.spec.js","",""
"","7141","has title","webkit","2026-09-28","passed","2026-09-28","","example.spec.js","",""
